phase,trial,cot,freq,duty_factor,front_x_fore,front_x_hind,front_z_top,front_z_bottom,front_rotation,front_skew,rear_x_fore,rear_x_hind,rear_z_top,rear_z_bottom,rear_rotation,rear_skew
1,1,3.283169,1.950000,0.500000,0.181516,0.048343,0.127969,0.049685,0.044583,0.009997,0.055925,0.116719,0.044287,0.035089,-0.094359,0.022200
1,2,10.000000,1.950000,0.500000,0.201397,0.030078,0.149221,0.051748,0.061165,0.000707,0.012306,0.143468,0.069986,-0.025333,-0.002624,-0.026723
1,3,10.000000,1.950000,0.500000,0.082685,0.091839,0.088246,0.088323,0.046676,0.085994,0.078031,0.133070,0.031326,0.064220,-0.043671,-0.011458
1,4,10.000000,1.950000,0.500000,0.072235,0.053089,0.074103,0.058326,0.061000,0.083319,0.027336,0.124748,0.048224,0.045536,-0.057484,-0.029206
1,5,10.000000,1.950000,0.500000,0.149478,0.033131,0.134228,0.034975,0.039515,0.092666,0.082727,0.115716,0.087044,0.022083,-0.003883,0.034453
1,6,10.000000,1.950000,0.500000,0.174625,0.083969,0.108675,0.086526,0.060703,0.027600,0.039627,0.093137,0.031564,0.012340,-0.060512,-0.020651
1,7,10.000000,1.950000,0.500000,0.071971,0.049884,0.121134,0.069018,0.060596,0.092630,0.075108,0.198094,0.115004,0.014945,-0.090459,-0.012918
1,8,10.000000,1.950000,0.500000,0.163638,0.096592,0.109130,0.017472,0.056124,0.038293,0.107171,0.188848,0.102173,-0.006402,-0.074393,-0.045957
1,9,10.000000,1.950000,0.500000,0.169493,0.041089,0.093934,0.010172,0.089576,0.047537,0.066328,0.167372,0.043933,0.030442,-0.046016,-0.029694
1,10,10.000000,1.950000,0.500000,0.201999,0.089887,0.119478,0.078047,0.062435,0.029563,0.020549,0.133915,0.051844,0.011651,-0.011672,-0.017565
1,11,10.000000,1.950000,0.500000,0.087092,0.065630,0.140683,0.017213,0.064769,0.000052,0.045257,0.112669,0.046466,0.023409,-0.051517,0.019244
1,12,10.000000,1.950000,0.500000,0.107718,0.054413,0.066829,0.011876,0.055810,0.040384,0.016489,0.105548,0.054688,0.039630,-0.028773,-0.035191
1,13,10.000000,1.950000,0.500000,0.209684,0.056678,0.147661,0.031104,0.003305,0.034507,0.073435,0.165299,0.083093,0.014778,-0.044711,0.009270
1,14,10.000000,1.950000,0.500000,0.081319,0.066965,0.074216,0.070314,0.047030,0.098342,0.049882,0.184300,0.109835,-0.014928,-0.049180,0.019581
1,15,10.000000,1.950000,0.500000,0.190170,0.062596,0.072024,0.061115,0.080950,0.034867,0.019618,0.201673,0.069757,0.021775,-0.016229,0.017569
1,16,10.000000,1.950000,0.500000,0.172930,0.050907,0.104145,0.059578,0.022855,0.017495,0.108217,0.142329,0.056083,0.069625,-0.003458,0.005829
1,17,10.000000,1.950000,0.500000,0.193569,0.048871,0.077887,0.060036,0.084666,0.085632,0.050451,0.194288,0.115093,0.063563,-0.021466,0.016899
1,18,10.000000,1.950000,0.500000,0.151296,0.067228,0.144013,0.087366,0.028392,0.030536,0.058561,0.132779,0.129446,-0.012407,-0.098192,-0.000611
1,19,10.000000,1.950000,0.500000,0.095035,0.066647,0.124417,0.062094,0.030806,0.054254,0.060881,0.159087,0.055046,0.028987,-0.002111,-0.001326
1,20,10.000000,1.950000,0.500000,0.196854,0.073439,0.085008,0.054510,0.066892,0.086417,0.033019,0.139887,0.087200,0.046855,-0.095640,0.049455
1,21,10.000000,1.950000,0.500000,0.099127,0.054205,0.150000,-0.007705,0.003132,0.000000,0.097828,0.075414,0.033143,0.018862,-0.100000,0.050000
1,22,10.000000,1.950000,0.500000,0.184959,0.047107,0.129396,0.050173,0.044395,0.007484,0.056724,0.117504,0.043717,0.035422,-0.095192,0.022360
1,23,10.000000,1.950000,0.500000,0.149572,0.127868,0.126402,0.080820,0.024757,0.002239,0.089049,0.170388,0.127465,0.024935,-0.020046,0.002620
1,24,10.000000,1.950000,0.500000,0.099531,0.041053,0.070777,0.036014,0.001478,0.046464,0.011701,0.170523,0.062706,0.058963,-0.012419,0.015207
1,25,10.000000,1.950000,0.500000,0.072524,0.037162,0.077355,0.046078,0.056123,0.068484,0.034990,0.133194,0.086237,0.066665,-0.079597,-0.027208
1,26,10.000000,1.950000,0.500000,0.083159,0.082702,0.062092,-0.009926,0.071640,0.052662,0.019466,0.116820,0.038258,0.036636,-0.023751,0.002693
1,27,10.000000,1.950000,0.500000,0.110987,0.033800,0.106363,0.010243,0.099152,0.046722,0.012557,0.182850,0.098665,0.040693,-0.072623,0.018697
1,28,10.000000,1.950000,0.500000,0.202067,0.124723,0.106413,0.028751,0.074522,0.041146,0.068787,0.208669,0.053441,0.000930,-0.055632,0.040489
1,29,10.000000,1.950000,0.500000,0.134541,0.102950,0.125620,0.088663,0.016473,0.089056,0.049255,0.199807,0.118841,0.006077,-0.092583,0.010361
1,30,10.000000,1.950000,0.500000,0.144455,0.066843,0.064627,0.029585,0.045731,0.074222,0.062616,0.178665,0.121876,0.049948,-0.006626,0.045945
1,31,10.000000,1.950000,0.500000,0.174306,0.061108,0.059832,0.039866,0.050476,0.011416,0.073292,0.096190,0.066605,0.012421,-0.027378,0.022192
1,32,10.000000,1.950000,0.500000,0.119098,0.088186,0.110797,0.006200,0.086590,0.087277,0.093927,0.096846,0.072124,-0.017399,-0.036979,-0.021744
1,33,10.000000,1.950000,0.500000,0.181494,0.067988,0.110085,0.048738,0.050370,0.009997,0.083429,0.121300,0.044284,0.037520,-0.094356,0.036859
1,34,10.000000,1.950000,0.500000,0.075380,0.049265,0.130069,0.078765,0.025478,0.012945,0.050677,0.085061,0.040865,0.039683,-0.086111,0.043911
1,35,10.000000,1.950000,0.500000,0.187107,0.051802,0.120178,-0.007520,0.094792,0.019042,0.099279,0.188622,0.115549,0.068950,-0.009849,0.021006
1,36,10.000000,1.950000,0.500000,0.159606,0.069637,0.133627,-0.008640,0.025369,0.097581,0.104796,0.132176,0.081571,0.068957,-0.087835,-0.015735
1,37,10.000000,1.950000,0.500000,0.177226,0.052531,0.139612,-0.002863,0.050418,0.012024,0.102729,0.179840,0.044394,0.025391,-0.097140,-0.023676
1,38,10.000000,1.950000,0.500000,0.196503,0.102210,0.068209,0.078633,0.039577,0.092585,0.055043,0.195074,0.067669,0.021503,-0.045451,-0.047038
1,39,10.000000,1.950000,0.500000,0.081595,0.124927,0.120486,-0.009318,0.061498,0.049385,0.084017,0.118392,0.030586,-0.001622,-0.027225,-0.007368
1,40,10.000000,1.950000,0.500000,0.164366,0.054499,0.101690,0.056322,0.069544,0.028461,0.053774,0.146801,0.128095,0.008668,-0.062012,-0.032247
1,41,10.000000,1.950000,0.500000,0.165673,0.073359,0.127853,0.069264,0.046219,0.039794,0.092346,0.120236,0.033690,0.018333,-0.094134,-0.044570
1,42,10.000000,1.950000,0.500000,0.122439,0.068881,0.053017,0.060955,0.060161,0.081447,0.016381,0.073079,0.045911,0.056918,-0.098350,-0.035185
1,43,10.000000,1.950000,0.500000,0.168959,0.100619,0.081673,0.008461,0.046150,0.043289,0.011842,0.191990,0.031371,-0.011132,-0.088177,-0.024347
1,44,10.000000,1.950000,0.500000,0.181509,0.048404,0.127876,0.072760,0.020104,0.010004,0.057928,0.114279,0.044229,0.023875,-0.094360,0.022201
1,45,10.000000,1.950000,0.500000,0.151667,0.046549,0.141551,0.019907,0.018343,0.027289,0.077092,0.091916,0.109020,-0.002871,-0.090814,-0.042317
1,46,10.000000,1.950000,0.500000,0.174771,0.122303,0.118606,0.044432,0.045351,0.009241,0.074615,0.180542,0.091853,-0.020225,-0.092557,0.022016
1,47,10.000000,1.950000,0.500000,0.148039,0.082404,0.068443,0.019802,0.092876,0.094004,0.068840,0.104246,0.100860,0.038374,-0.083289,0.031617
1,48,10.000000,1.950000,0.500000,0.199201,0.096448,0.072223,0.053372,0.062398,0.047689,0.099998,0.089569,0.071039,0.014450,-0.039129,0.038873
1,49,10.000000,1.950000,0.500000,0.179897,0.068039,0.061427,0.016191,0.016717,0.056825,0.106872,0.198424,0.043545,-0.009099,-0.048928,0.033538
1,50,10.000000,1.950000,0.500000,0.181815,0.117493,0.083723,0.069120,0.055203,0.059587,0.039005,0.081606,0.054773,0.059336,-0.003569,0.008353
2,51,10.000000,1.950000,0.500000,0.181516,0.048343,0.127969,0.049685,0.044583,0.009997,0.055925,0.116719,0.044287,0.035089,-0.094359,0.022200
2,52,10.000000,2.533345,0.310061,0.179157,0.089685,0.094583,-0.000003,0.045925,0.033371,0.024287,0.161124,0.035641,0.042200,-0.006145,-0.049922
2,53,10.000000,2.910007,0.570489,0.155631,0.030707,0.052306,0.042477,0.039986,0.004667,0.107376,0.102588,0.039061,0.031839,-0.061754,0.048323
2,54,10.000000,1.898519,0.715964,0.165243,0.075050,0.051326,0.084220,0.056329,0.038542,0.011597,0.102325,0.054103,0.038326,-0.039000,0.033319
2,55,10.000000,1.333727,0.434636,0.095513,0.105536,0.092516,0.010794,0.056770,0.003131,0.094228,0.132966,0.069515,0.062666,-0.027273,-0.017346
2,56,10.000000,2.098105,0.512501,0.204564,0.114453,0.124732,0.043969,0.058675,0.096526,0.070703,0.108640,0.059627,-0.013473,-0.098436,-0.007660
2,57,10.000000,1.760147,0.376093,0.071971,0.049884,0.121134,0.069018,0.060596,0.092630,0.075108,0.198094,0.115004,0.014945,-0.090459,-0.012918
2,58,10.000000,2.287519,0.599553,0.152782,0.057472,0.106124,0.028293,0.097171,0.084891,0.082173,0.103038,0.055607,-0.025957,-0.028934,-0.038911
2,59,10.000000,1.845723,0.321032,0.195407,0.077537,0.106328,0.059552,0.013933,0.060442,0.063984,0.098429,0.124285,0.029887,-0.030522,0.038047
2,60,10.000000,2.201882,0.377380,0.084769,0.075653,0.071844,0.031651,0.088328,0.032435,0.022209,0.119882,0.120683,-0.002787,-0.035231,-0.049948
2,61,10.000000,1.678695,0.382869,0.093052,0.083409,0.098483,0.059244,0.026941,0.024413,0.026829,0.100627,0.085810,0.010384,-0.093511,-0.024608
2,62,10.000000,1.865628,0.224831,0.172409,0.058114,0.050935,-0.009753,0.099645,0.097438,0.024730,0.207178,0.121135,0.061799,-0.096227,-0.048350
2,63,10.000000,2.637286,0.793912,0.087782,0.047960,0.141484,0.085263,0.030879,0.077545,0.103855,0.208807,0.111549,0.068608,-0.007442,-0.035937
2,64,10.000000,2.925000,0.200000,0.070000,0.130000,0.150000,-0.010000,0.000000,0.000000,0.010000,0.210000,0.130000,-0.030000,0.000000,0.050000
2,65,10.000000,1.000000,0.800000,0.070000,0.130000,0.150000,-0.010000,0.100000,0.100000,0.010000,0.210000,0.030000,0.070000,-0.100000,0.050000
2,66,10.000000,1.083582,0.387215,0.193260,0.129293,0.086226,0.045743,0.006249,0.083678,0.106564,0.116164,0.038777,-0.026202,-0.002020,0.043169
2,67,10.000000,1.324127,0.209213,0.209903,0.031884,0.109732,0.000836,0.092032,0.003506,0.107816,0.166664,0.109464,-0.020496,-0.006461,-0.041808
2,68,10.000000,1.559687,0.641546,0.102546,0.127103,0.063280,0.088060,0.011754,0.000127,0.101182,0.181138,0.123024,-0.029709,-0.085982,-0.030290
2,69,10.000000,2.889778,0.219269,0.075391,0.118421,0.127833,0.077183,0.087887,0.076454,0.106744,0.103809,0.054964,-0.012838,-0.098827,0.049379
2,70,10.000000,1.062687,0.222514,0.077293,0.060130,0.063814,0.002932,0.030976,0.097182,0.109745,0.081249,0.036291,-0.015436,-0.092063,-0.039336
2,71,10.000000,1.147330,0.674200,0.198108,0.123975,0.121612,0.049081,0.096393,0.055726,0.099213,0.082857,0.129511,0.066167,-0.007408,0.036021
2,72,10.000000,2.895434,0.790567,0.202917,0.126498,0.141006,-0.007633,0.027911,0.078852,0.027533,0.206252,0.129529,0.063218,-0.077785,-0.037743
2,73,10.000000,1.188451,0.787778,0.184304,0.035010,0.094128,-0.008536,0.097485,0.000176,0.069676,0.098790,0.036267,-0.024137,-0.006395,0.041248
2,74,10.000000,1.980368,0.296846,0.167199,0.106338,0.149378,0.080186,0.005256,0.001638,0.018647,0.209811,0.033747,-0.021082,-0.083699,-0.038170
2,75,10.000000,1.000000,0.800000,0.070000,0.030000,0.050000,-0.010000,0.000000,0.100000,0.010000,0.070000,0.130000,-0.030000,-0.100000,0.050000
2,76,10.000000,1.035201,0.287963,0.141685,0.043166,0.140434,0.084706,0.088241,0.090851,0.011349,0.193374,0.042784,0.039962,-0.011076,-0.046141
2,77,10.000000,2.545737,0.209897,0.208810,0.044345,0.053575,0.079397,0.024521,0.076348,0.016364,0.077638,0.042587,0.057120,-0.060889,0.047935
2,78,10.000000,2.514998,0.753164,0.074248,0.041024,0.052055,0.088616,0.088848,0.090462,0.012533,0.149842,0.078546,0.060049,-0.003319,-0.039762
2,79,10.000000,2.832397,0.224217,0.113697,0.054481,0.055447,-0.005720,0.002947,0.073647,0.104714,0.201948,0.121445,0.009786,-0.091251,0.045050
2,80,10.000000,1.281591,0.316486,0.131891,0.128199,0.050013,0.020188,0.002886,0.000797,0.106928,0.201970,0.112540,0.067269,-0.014880,-0.043174
2,81,10.000000,2.925000,0.800000,0.070000,0.030000,0.150000,-0.010000,0.000000,0.000000,0.110000,0.070000,0.030000,0.070000,0.000000,-0.050000
2,82,10.000000,2.925000,0.800000,0.210000,0.130000,0.050000,-0.010000,0.100000,0.100000,0.010000,0.070000,0.030000,-0.030000,0.000000,-0.050000
2,83,10.000000,1.000000,0.800000,0.210000,0.030000,0.150000,0.090000,0.000000,0.100000,0.010000,0.210000,0.130000,-0.030000,0.000000,0.050000
2,84,10.000000,1.000000,0.800000,0.210000,0.130000,0.050000,-0.010000,0.100000,0.000000,0.010000,0.070000,0.130000,0.070000,-0.100000,-0.050000
2,85,10.000000,2.925000,0.800000,0.070000,0.130000,0.050000,0.090000,0.100000,0.000000,0.110000,0.210000,0.130000,-0.030000,-0.100000,0.050000
2,86,10.000000,2.838238,0.551734,0.152238,0.127884,0.052019,0.088793,0.066984,0.098834,0.098534,0.073617,0.129449,0.058382,-0.094732,0.046803
2,87,10.000000,2.780733,0.366418,0.204161,0.041494,0.137547,0.057146,0.042734,0.007236,0.013009,0.076817,0.125570,0.068532,-0.032125,-0.049529
2,88,10.000000,1.000000,0.200000,0.070000,0.130000,0.050000,0.090000,0.100000,0.000000,0.010000,0.070000,0.030000,0.070000,0.000000,0.050000
2,89,10.000000,2.851117,0.399982,0.076848,0.040057,0.055164,-0.004739,0.003710,0.094079,0.090137,0.183607,0.035828,-0.025780,-0.008901,0.037700
2,90,10.000000,2.860252,0.645935,0.083476,0.031161,0.068978,0.012400,0.095716,0.004939,0.105654,0.202975,0.034003,0.059975,-0.076959,-0.034815
2,91,10.000000,1.085349,0.209500,0.192469,0.041386,0.084021,0.078771,0.013416,0.001398,0.105725,0.104538,0.105871,-0.018155,-0.097929,-0.048309
2,92,10.000000,1.172226,0.200840,0.073502,0.054259,0.112632,-0.008773,0.099914,0.099985,0.054941,0.099865,0.113382,-0.024174,-0.000835,-0.032653
2,93,10.000000,1.000000,0.200000,0.210000,0.030000,0.150000,-0.010000,0.100000,0.000000,0.110000,0.210000,0.030000,0.070000,-0.100000,0.050000
2,94,10.000000,1.000000,0.200000,0.070000,0.130000,0.150000,0.090000,0.000000,0.100000,0.010000,0.070000,0.030000,0.070000,-0.100000,-0.050000
2,95,10.000000,1.000000,0.800000,0.210000,0.030000,0.050000,0.090000,0.000000,0.100000,0.110000,0.210000,0.030000,0.070000,0.000000,-0.050000
2,96,10.000000,2.868898,0.204768,0.197328,0.031836,0.149372,0.029248,0.018242,0.000969,0.013156,0.104279,0.118134,0.040626,-0.001973,0.045325
2,97,10.000000,1.000000,0.800000,0.210000,0.130000,0.050000,-0.010000,0.000000,0.000000,0.010000,0.210000,0.030000,-0.030000,-0.100000,0.050000
2,98,10.000000,2.925000,0.800000,0.210000,0.030000,0.150000,0.090000,0.100000,0.000000,0.010000,0.210000,0.030000,-0.030000,-0.100000,0.050000
2,99,10.000000,2.593692,0.722788,0.110316,0.036284,0.051308,-0.005216,0.003043,0.039080,0.010440,0.073745,0.128378,0.062291,-0.079710,0.026661
2,100,10.000000,1.463105,0.740926,0.075557,0.121370,0.137233,0.087622,0.002346,0.075306,0.095027,0.071187,0.068491,-0.021687,-0.003917,0.022808
